problema,instancia,tarefas,maquinas,operacoes,status_terminacao,status_primal,valor_objetivo_ou_makespan,melhor_limite,gap_relativo,tempo_solucao,quantidade_variaveis,quantidade_restricoes,limite_tempo,mensagem_erro,solucao_validada,mensagem_validacao
Machine Scheduling,inst_book,7,1,7,OPTIMAL,FEASIBLE_POINT,15.999999999999988,15.999999999999988,0.0,0.279280902,42,126,false,,false,"Programacao detalhada nao registrada no CSV; nao e possivel validar atribuicoes, precedencias, conflitos e makespan da solucao registrada sem reexecutar o solver."
Machine Scheduling,inst_n05_s01,5,1,5,OPTIMAL,FEASIBLE_POINT,7.0,6.999997000000008,4.285714274893897e-7,0.015147738,25,75,false,,false,"Programacao detalhada nao registrada no CSV; nao e possivel validar atribuicoes, precedencias, conflitos e makespan da solucao registrada sem reexecutar o solver."
Machine Scheduling,inst_n05_s02,5,1,5,OPTIMAL,FEASIBLE_POINT,14.99999999999999,14.999999999999986,0.0,0.168475737,25,75,false,,false,"Programacao detalhada nao registrada no CSV; nao e possivel validar atribuicoes, precedencias, conflitos e makespan da solucao registrada sem reexecutar o solver."
Machine Scheduling,inst_n05_s03,5,1,5,OPTIMAL,FEASIBLE_POINT,3.0,3.0,0.0,0.011220451,25,75,false,,false,"Programacao detalhada nao registrada no CSV; nao e possivel validar atribuicoes, precedencias, conflitos e makespan da solucao registrada sem reexecutar o solver."
Machine Scheduling,inst_n07_s01,7,1,7,OPTIMAL,FEASIBLE_POINT,38.0,37.64705882352941,0.009287925696594394,0.145353485,42,126,false,,false,"Programacao detalhada nao registrada no CSV; nao e possivel validar atribuicoes, precedencias, conflitos e makespan da solucao registrada sem reexecutar o solver."
Machine Scheduling,inst_n07_s02,7,1,7,OPTIMAL,FEASIBLE_POINT,29.99999999999997,29.874999999999975,0.004166666666666552,0.363907351,42,126,false,,false,"Programacao detalhada nao registrada no CSV; nao e possivel validar atribuicoes, precedencias, conflitos e makespan da solucao registrada sem reexecutar o solver."
Machine Scheduling,inst_n07_s03,7,1,7,OPTIMAL,FEASIBLE_POINT,25.999999999999993,25.999999999999993,0.0,0.08529473,42,126,false,,false,"Programacao detalhada nao registrada no CSV; nao e possivel validar atribuicoes, precedencias, conflitos e makespan da solucao registrada sem reexecutar o solver."
Machine Scheduling,inst_n09_s01,9,1,9,OPTIMAL,FEASIBLE_POINT,26.0,26.0,0.0,0.295709738,63,189,false,,false,"Programacao detalhada nao registrada no CSV; nao e possivel validar atribuicoes, precedencias, conflitos e makespan da solucao registrada sem reexecutar o solver."
Machine Scheduling,inst_n09_s02,9,1,9,OPTIMAL,FEASIBLE_POINT,55.99999999999997,55.48206976330311,0.009248754226729697,1.086370874,63,189,false,,false,"Programacao detalhada nao registrada no CSV; nao e possivel validar atribuicoes, precedencias, conflitos e makespan da solucao registrada sem reexecutar o solver."
Machine Scheduling,inst_n09_s03,9,1,9,OPTIMAL,FEASIBLE_POINT,31.99999999999748,31.692307692307693,0.009615384615306734,3.929032691,63,189,false,,false,"Programacao detalhada nao registrada no CSV; nao e possivel validar atribuicoes, precedencias, conflitos e makespan da solucao registrada sem reexecutar o solver."
Machine Scheduling,inst_n11_s01,11,1,11,OPTIMAL,FEASIBLE_POINT,15.999999999999998,15.86153847159769,0.008653845525144256,1.133945929,88,264,false,,false,"Programacao detalhada nao registrada no CSV; nao e possivel validar atribuicoes, precedencias, conflitos e makespan da solucao registrada sem reexecutar o solver."
Machine Scheduling,inst_n11_s02,11,1,11,OPTIMAL,FEASIBLE_POINT,61.9999999999846,61.38119763843916,0.009980683250735287,12.960681043,88,264,false,,false,"Programacao detalhada nao registrada no CSV; nao e possivel validar atribuicoes, precedencias, conflitos e makespan da solucao registrada sem reexecutar o solver."
Machine Scheduling,inst_n11_s03,11,1,11,OPTIMAL,FEASIBLE_POINT,115.99999999950953,114.84000000000007,0.00999999999581342,262.289603285,88,264,false,,false,"Programacao detalhada nao registrada no CSV; nao e possivel validar atribuicoes, precedencias, conflitos e makespan da solucao registrada sem reexecutar o solver."
Machine Scheduling,inst_n13_s01,13,1,13,OPTIMAL,FEASIBLE_POINT,70.99999899630568,70.290382843029,0.009994593849411287,119.012084293,117,351,false,,false,"Programacao detalhada nao registrada no CSV; nao e possivel validar atribuicoes, precedencias, conflitos e makespan da solucao registrada sem reexecutar o solver."
Machine Scheduling,inst_n13_s02,13,1,13,OPTIMAL,FEASIBLE_POINT,97.9999999999898,97.02020202020235,0.009997938569260725,54.20754449,117,351,false,,false,"Programacao detalhada nao registrada no CSV; nao e possivel validar atribuicoes, precedencias, conflitos e makespan da solucao registrada sem reexecutar o solver."
Machine Scheduling,inst_n13_s03,13,1,13,OPTIMAL,FEASIBLE_POINT,70.99999999999922,70.3310609294837,0.009421677049514477,4.146408586,117,351,false,,false,"Programacao detalhada nao registrada no CSV; nao e possivel validar atribuicoes, precedencias, conflitos e makespan da solucao registrada sem reexecutar o solver."
Machine Scheduling,inst_n15_s01,15,1,15,TIME_LIMIT,FEASIBLE_POINT,136.9999999998238,48.14285714285716,0.6485922836283279,300.015454763,150,450,true,,false,"Programacao detalhada nao registrada no CSV; nao e possivel validar atribuicoes, precedencias, conflitos e makespan da solucao registrada sem reexecutar o solver."
Machine Scheduling,inst_n15_s02,15,1,15,TIME_LIMIT,FEASIBLE_POINT,122.99999999983163,64.21853194110011,0.4778981142992844,300.017113056,150,450,true,,false,"Programacao detalhada nao registrada no CSV; nao e possivel validar atribuicoes, precedencias, conflitos e makespan da solucao registrada sem reexecutar o solver."
Machine Scheduling,inst_n15_s03,15,1,15,OPTIMAL,FEASIBLE_POINT,61.99999999999946,61.38139059304709,0.009977571079877076,24.67383415,150,450,false,,false,"Programacao detalhada nao registrada no CSV; nao e possivel validar atribuicoes, precedencias, conflitos e makespan da solucao registrada sem reexecutar o solver."
Machine Scheduling,inst_n17_s01,17,1,17,TIME_LIMIT,FEASIBLE_POINT,166.00000000000034,57.55648502172124,0.6532741866161378,300.016501673,187,561,true,,false,"Programacao detalhada nao registrada no CSV; nao e possivel validar atribuicoes, precedencias, conflitos e makespan da solucao registrada sem reexecutar o solver."
Machine Scheduling,inst_n17_s02,17,1,17,TIME_LIMIT,FEASIBLE_POINT,156.99999999998698,25.892835241535106,0.8350774825379793,300.018334854,187,561,true,,false,"Programacao detalhada nao registrada no CSV; nao e possivel validar atribuicoes, precedencias, conflitos e makespan da solucao registrada sem reexecutar o solver."
Machine Scheduling,inst_n17_s03,17,1,17,TIME_LIMIT,FEASIBLE_POINT,111.99999999986854,33.20905044350533,0.7034906210397829,300.014426008,187,561,true,,false,"Programacao detalhada nao registrada no CSV; nao e possivel validar atribuicoes, precedencias, conflitos e makespan da solucao registrada sem reexecutar o solver."
Machine Scheduling,inst_n19_s01,19,1,19,TIME_LIMIT,FEASIBLE_POINT,249.9999999999928,39.3715279673217,0.8425138881307087,300.018541787,228,684,true,,false,"Programacao detalhada nao registrada no CSV; nao e possivel validar atribuicoes, precedencias, conflitos e makespan da solucao registrada sem reexecutar o solver."
Machine Scheduling,inst_n19_s02,19,1,19,TIME_LIMIT,FEASIBLE_POINT,118.99999999954025,3.4289781282755527,0.9711850577454723,285.766790287,228,684,true,,false,"Programacao detalhada nao registrada no CSV; nao e possivel validar atribuicoes, precedencias, conflitos e makespan da solucao registrada sem reexecutar o solver."
Machine Scheduling,inst_n19_s03,19,1,19,TIME_LIMIT,FEASIBLE_POINT,226.99999999997945,17.5,0.9229074889867772,300.010710991,228,684,true,,false,"Programacao detalhada nao registrada no CSV; nao e possivel validar atribuicoes, precedencias, conflitos e makespan da solucao registrada sem reexecutar o solver."
Machine Scheduling,inst_n21_s01,21,1,21,TIME_LIMIT,FEASIBLE_POINT,192.00000000004553,17.601504608321576,0.9083254968316801,300.012683149,273,819,true,,false,"Programacao detalhada nao registrada no CSV; nao e possivel validar atribuicoes, precedencias, conflitos e makespan da solucao registrada sem reexecutar o solver."
Machine Scheduling,inst_n21_s02,21,1,21,TIME_LIMIT,FEASIBLE_POINT,188.99999999781363,4.627027027027072,0.9755183755180921,300.011952268,273,819,true,,false,"Programacao detalhada nao registrada no CSV; nao e possivel validar atribuicoes, precedencias, conflitos e makespan da solucao registrada sem reexecutar o solver."
Machine Scheduling,inst_n21_s03,21,1,21,TIME_LIMIT,FEASIBLE_POINT,168.99999999999955,13.698929947115118,0.9189412429164784,300.014356101,273,819,true,,false,"Programacao detalhada nao registrada no CSV; nao e possivel validar atribuicoes, precedencias, conflitos e makespan da solucao registrada sem reexecutar o solver."
Machine Scheduling,inst_n24_s01,24,1,24,TIME_LIMIT,FEASIBLE_POINT,133.99999999856269,7.424408310363624e-13,0.9999999999999944,300.011713506,348,1044,true,,false,"Programacao detalhada nao registrada no CSV; nao e possivel validar atribuicoes, precedencias, conflitos e makespan da solucao registrada sem reexecutar o solver."
Machine Scheduling,inst_n24_s02,24,1,24,TIME_LIMIT,FEASIBLE_POINT,216.99999999999972,3.318141482056305,0.9847090254283118,300.01174157,348,1044,true,,false,"Programacao detalhada nao registrada no CSV; nao e possivel validar atribuicoes, precedencias, conflitos e makespan da solucao registrada sem reexecutar o solver."
Machine Scheduling,inst_n24_s03,24,1,24,TIME_LIMIT,FEASIBLE_POINT,259.9999999999996,9.644015801004258,0.9629076315345989,300.013534981,348,1044,true,,false,"Programacao detalhada nao registrada no CSV; nao e possivel validar atribuicoes, precedencias, conflitos e makespan da solucao registrada sem reexecutar o solver."
